<?xml version="1.0" encoding="UTF-8"?>
<FindBugsFilter>
    <!-- http://stackoverflow.com/questions/7568579/eclipsefindbugs-exclude-filter-files-doesnt-work -->
    <Match>
        <Class name="~.*\.R\$.*"/>
    </Match>
    <Match>
        <Class name="~.*\.Manifest\$.*"/>
    </Match>
    <!-- All bugs in test classes, except for JUnit-specific bugs -->
    <Match>
        <Class name="~.*\.*Test" />
        <Not>
            <Bug code="IJU" />
        </Not>
    </Match>

    <!-- Almost entirely always as a result of something with Java's crappy Date -->
    <Match>
        <Or>
            <Bug pattern="EI_EXPOSE_REP"/>
            <Bug pattern="EI_EXPOSE_REP2"/>
        </Or>
    </Match>

    <!-- Would be better to only match fields with certain annotations -->
    <Match>
        <Bug code="UrF" />
    </Match>
</FindBugsFilter>